id,first_name,last_name,email,gender,ip_address,town
1,Hayward,Spaxman,hspaxman0@yandex.ru,Male,151.241.141.38,
2,Rennie,MacMechan,rmacmechan1@oakley.com,Female,,Gandajika
3,Karil,Gonnely,kgonnely2@posterous.com,Female,121.85.71.196,Oliveira de Frades
4,Danya,Dawby,,,244.232.197.5,Ojrzeń
5,Burtie,Sheldrick,,Male,130.135.236.173,Leipzig
6,Kathleen,Silcox,ksilcox5@sogou.com,Female,121.157.0.156,San Miguel
7,Nora,Moorton,nmoorton6@google.nl,,,Talawi
8,Reider,Frunks,rfrunks7@ft.com,Male,166.49.47.116,Hamonggolele
9,Becky,Boness,,Female,202.66.234.198,Bokhan
10,Sigmund,Goude,sgoude9@dailymail.co.uk,Male,8.221.136.208,Jianshan
11,Maurita,Boschmann,mboschmanna@spotify.com,Female,136.221.173.123,Garland
12,,Keast,,Male,187.244.109.78,Aimin
13,Hernando,Ventum,,Male,55.57.121.224,
14,Hyacinthie,MacGilpatrick,hmacgilpatrickd@sogou.com,Female,191.119.183.163,Sanming
15,Bertie,Weerdenburg,bweerdenburge@people.com.cn,Female,131.65.101.234,Lubichowo
16,Theo,,tputtanf@taobao.com,,137.29.59.0,Plumtree
17,Brigid,Morfield,,Female,112.179.117.78,Kendaruan
18,Brett,Dymoke,bdymokeh@google.es,Female,10.236.132.99,Chao
19,Alic,Bernaciak,abernaciaki@chicagotribune.com,Male,66.57.191.92,Staropavlovskaya
20,Alberto,Pasterfield,apasterfieldj@marriott.com,Male,241.241.107.106,
21,Ryun,Kleinert,,Male,37.122.5.166,
22,Tabbie,McGillivrie,tmcgillivriel@europa.eu,Female,215.233.185.68,Köln
23,Lilli,Arman,larmanm@hao123.com,Female,75.164.135.218,Triteh
24,Lelia,Domone,ldomonen@nsw.gov.au,Female,80.69.100.111,Tashkent
25,Trudy,Brusin,tbrusino@stanford.edu,Female,117.40.233.60,Lebedyn
26,Winni,Conquest,wconquestp@csmonitor.com,Female,,Taloko
27,Zonnya,Dubble,zdubbleq@feedburner.com,Female,213.132.168.228,Tuba
28,Elbertine,Mawman,emawmanr@yellowpages.com,Female,190.44.37.117,Malinovoye Ozero
29,Agatha,Yann,ayanns@netvibes.com,Female,191.166.82.8,Mozdok
30,Ariana,Barcroft,abarcroftt@woothemes.com,Female,93.99.233.149,Tan Sum
31,Rose,Bulbrook,rbulbrooku@wsj.com,Female,138.38.102.169,Diriá
32,Grace,Barczynski,gbarczynskiv@usda.gov,Male,183.177.67.181,Goundi
33,Pier,Derx,pderxw@google.fr,Female,36.72.107.171,Rego
34,Roxanna,,rcosgriffx@wp.com,Female,8.57.29.64,Nagbukel
35,Bale,Sloat,bsloaty@nasa.gov,Male,244.146.128.6,Sloboda
36,Shelden,Dearnly,sdearnlyz@hhs.gov,Male,188.224.217.102,Lyon
37,Emyle,Michelmore,emichelmore10@disqus.com,Female,235.156.237.15,Catarina
38,Demetria,Gammage,dgammage11@posterous.com,Female,239.250.22.195,Kalangbret
39,Porter,,pboobyer12@admin.ch,Male,194.117.34.71,Yiánnouli
40,Bobbe,Monard,,Female,59.22.160.43,Bacong
41,Wildon,Orht,worht14@twitpic.com,Male,129.153.105.48,Quận Năm
42,Penrod,Parsand,,Male,182.137.166.254,Kalmar
43,Vernor,Wyness,vwyness16@cocolog-nifty.com,Male,,Ust’-Abakan
44,Rosetta,Birdseye,rbirdseye17@nature.com,Female,230.242.84.125,Tanshan
45,Niels,Bolger,,,218.47.56.86,Montauban
46,Ravid,Ludovici,rludovici19@mit.edu,Male,214.89.55.80,Bifeng
47,Rik,Miklem,rmiklem1a@bluehost.com,Male,123.18.205.24,Odawara
48,Paxon,Wych,pwych1b@europa.eu,Male,161.203.133.116,Foča
49,Madelin,Vanes,,Female,76.216.96.181,Quinta
50,Dareen,Issac,dissac1d@google.cn,Female,27.194.10.47,Tumu’ertai
51,Hannah,Cobbald,hcobbald1e@yellowbook.com,Female,202.55.98.195,Chalchuapa
52,Teriann,Cridlin,tcridlin1f@storify.com,Female,119.88.82.7,Dek’emhāre
53,Agace,Finicj,afinicj1g@harvard.edu,Female,50.113.73.57,Olszówka
54,Gareth,,gofihily1h@cbslocal.com,Male,201.154.191.174,Ash Shajarah
55,Loralie,,ljosupeit1i@surveymonkey.com,Female,215.220.167.188,Leninskoye
56,Karlen,Bellamy,,Female,105.204.181.128,
57,Charisse,MacKeeg,cmackeeg1k@smugmug.com,,118.148.21.216,Libušín
58,Jobina,Yeliashev,jyeliashev1l@ucoz.ru,Female,127.44.146.127,Solnechnoye
59,Dunc,Medlin,,Male,235.174.184.99,Nunleu
60,Nissie,Kloss,nkloss1n@ezinearticles.com,Female,176.110.146.182,
61,Rosamund,Wormstone,rwormstone1o@skype.com,Female,62.232.129.115,Fontainebleau
62,Adel,Paszak,apaszak1p@mysql.com,Female,165.95.79.217,As Samawah
63,Gifford,McBayne,gmcbayne1q@techcrunch.com,Male,168.185.8.35,Fresno
64,Helsa,Toffanini,htoffanini1r@howstuffworks.com,Female,79.117.133.45,Savyon
65,Gina,Hoyes,ghoyes1s@mtv.com,,,Sukahening
66,Jacquelyn,Curcher,jcurcher1t@sina.com.cn,Female,106.171.147.3,Kanungu
67,Di,Manifould,dmanifould1u@hud.gov,Female,,Arroyo Salado
68,Erv,McIlmorie,emcilmorie1v@pbs.org,Male,,Xingong
69,Aguistin,Benzie,abenzie1w@hibu.com,Male,39.21.200.201,Changshu City
70,Rollo,Goreway,rgoreway1x@cafepress.com,Male,59.236.1.15,Itaparica
71,Julie,,jpantry1y@homestead.com,Male,154.199.66.146,
72,Waverley,Comelli,wcomelli1z@virginia.edu,Male,231.16.76.42,
73,Virgie,Caze,vcaze20@dmoz.org,Male,90.138.5.16,Ludu
74,Shepherd,Ackroyd,,Male,25.1.39.206,Kawangu Satu
75,Guntar,Hyndman,,Male,60.22.160.33,Złotniki Kujawskie
76,Walton,Silkstone,wsilkstone23@g.co,Male,213.117.245.68,
77,Ermentrude,Pohling,epohling24@princeton.edu,,48.124.52.112,Xirikxiy
78,Hunter,Lantaph,hlantaph25@wisc.edu,Male,101.181.237.249,Yingtan
79,Haleigh,Madgwich,hmadgwich26@cocolog-nifty.com,,,Wawer
80,Neron,Coy,ncoy27@tripadvisor.com,Male,42.56.207.70,Krajansumbermujur
81,Beck,Chesnay,bchesnay28@aol.com,Male,234.139.13.37,Tekik Wetan
82,Haily,,hsmye29@jiathis.com,Male,,Beiwenquan
83,Cathrine,Le Borgne,cleborgne2a@jugem.jp,Female,64.98.208.2,Leles
84,Blanch,Jobes,bjobes2b@ameblo.jp,Female,56.177.130.78,Divisoria
85,Starlene,Petters,spetters2c@seattletimes.com,Female,194.242.5.23,Fougamou
86,Giovanna,Prigg,gprigg2d@alibaba.com,Female,,Amphoe Sikhiu
87,Carlotta,De Roos,cderoos2e@infoseek.co.jp,Female,127.156.25.15,Longshan
88,Christiano,Daborn,cdaborn2f@phoca.cz,Male,173.224.166.29,Lichengdao
89,Levi,Hegges,lhegges2g@1und1.de,Male,198.180.100.47,Zhen’an
90,Mariellen,Crace,mcrace2h@google.cn,Female,252.242.67.117,Carvalhal
91,Veronika,Horick,vhorick2i@tinypic.com,Female,86.198.177.140,Takahagi
92,Esmaria,Gruby,egruby2j@twitpic.com,Female,156.226.202.48,Tarbes
93,Brittney,Sidry,,Female,,Naivasha
94,Gratia,Jordanson,,Female,125.119.131.218,Deir Ḥannā
95,Quincey,Gilling,qgilling2m@goo.gl,Male,88.255.62.36,Uddevalla
96,Silvanus,Withnall,swithnall2n@spotify.com,Male,3.201.47.57,Orléans
97,Andriana,Liff,aliff2o@elpais.com,Female,74.25.25.41,Macari
98,Judon,Code,jcode2p@cloudflare.com,Male,47.255.164.225,Jaroměřice nad Rokytnou
99,Ingar,Marchiso,,Male,249.94.187.1,Starokucherganovka
100,Claribel,Douglas,cdouglas2r@lycos.com,Female,106.153.105.190,
101,Norine,Jonah,njonah2s@behance.net,Female,,Mompós
102,Rosemaria,Fowell,rfowell2t@usda.gov,Female,225.166.13.51,Shancheng
103,Kameko,Millett,kmillett2u@go.com,Female,101.80.229.99,Dashahe
104,Sloan,Bentote,sbentote2v@aboutads.info,Male,233.111.115.104,Monte de Trigo
105,Emmery,Elsmere,eelsmere2w@redcross.org,Male,164.10.95.236,Hollywood
106,Misti,Ceschini,mceschini2x@youtu.be,Female,163.33.25.146,Kubang
107,Ethelda,Tiesman,etiesman2y@wordpress.org,Female,59.95.157.139,Baisha
108,Skylar,Gullane,sgullane2z@dailymotion.com,,147.219.25.53,Hezhi
109,Fianna,Dmych,fdmych30@youtube.com,Female,167.195.28.39,Jiangwakou
110,Derward,Bennison,,Male,50.143.104.225,Bornu Yassu
111,Essa,Hamon,ehamon32@kickstarter.com,Female,26.25.215.127,Bulihan
112,Guy,Pepperell,gpepperell33@quantcast.com,Male,191.113.232.154,Sihe
113,Easter,Farenden,,,116.194.12.53,
114,Laird,Brimming,lbrimming35@about.me,,142.209.205.52,Cereté
115,Irving,,,Male,,Guandi
116,Oralla,Hudspeth,,Female,212.196.23.206,
117,Myrtle,Swinerd,,Female,162.129.92.219,Fengtai
118,Diego,Chiommienti,dchiommienti39@xing.com,,251.45.115.34,Nong Bun Nak
119,Ram,Hazleton,rhazleton3a@instagram.com,Male,206.228.165.191,
120,Elmo,Baudet,ebaudet3b@pcworld.com,Male,,Daohe
121,Armin,Shird,ashird3c@answers.com,Male,133.121.50.227,Andong
122,Agnesse,Spilsted,aspilsted3d@w3.org,Female,206.185.105.132,Ancenis
123,Ardelia,Straughan,astraughan3e@meetup.com,Female,104.44.230.107,
124,Lilian,Milch,lmilch3f@stumbleupon.com,Female,92.78.102.68,Ishikawa
125,Matty,Ahmad,mahmad3g@ustream.tv,Male,131.108.113.215,
126,Claudell,Tuffield,ctuffield3h@dailymail.co.uk,Male,124.223.82.228,Dokri
127,Phylis,Osborn,posborn3i@google.es,Female,148.112.170.113,Montalvo
128,Hansiain,Soldi,hsoldi3j@hatena.ne.jp,Male,172.1.10.233,Skalánion
129,Portie,Collett,pcollett3k@nsw.gov.au,Male,176.100.151.67,
130,Wain,Wellan,wwellan3l@utexas.edu,Male,237.13.208.101,Sar Chakān
131,Jocelyn,Tomasik,,Female,251.3.21.136,Nanbin
132,Delia,Strippel,,Female,133.94.155.148,Bungkal
133,Lily,Shave,lshave3o@wix.com,Female,153.37.68.166,
134,Barnard,Headington,bheadington3p@nydailynews.com,Male,66.193.96.21,Kisoro
135,Bendicty,Tunuy,btunuy3q@wiley.com,Male,4.242.212.244,Suicheng
136,Garrott,Kidde,,Male,204.3.4.25,Brangsi
137,Wilfred,Schober,,Male,38.96.249.190,Cha’anpu
138,Pierson,Howlett,,Male,216.142.197.119,Jembangan
139,Anne-marie,Taillard,ataillard3u@usatoday.com,Female,22.60.150.96,Đông Thành
140,Rad,Doutch,,Male,218.207.135.95,Ręczno
141,,Bachelor,hbachelor3w@ameblo.jp,Female,107.207.128.215,Sumberagung
142,Travus,Bontein,tbontein3x@businesswire.com,Male,91.27.127.33,Ureshino
143,Monte,Bridgen,mbridgen3y@admin.ch,Male,36.232.192.239,Ciekek
144,Harv,,hklimas3z@elpais.com,Male,58.186.175.158,Haljala
145,Dorian,,dcholonin40@github.io,Male,108.156.144.235,Bīrganj
146,Woodman,Ewles,,Male,151.110.244.113,
147,Vale,Lintin,vlintin42@microsoft.com,Female,51.166.108.164,Bukomansimbi
148,Elyse,Corrado,,Female,146.48.27.208,San Sebastián de Yalí
149,Clarette,Gear,cgear44@trellian.com,Female,221.48.228.139,Meringkik
150,Josiah,Romaynes,jromaynes45@spiegel.de,,129.92.214.105,Mutum
151,Dal,Osmond,dosmond46@loc.gov,Male,48.27.209.133,Manding
152,Arch,Dawtre,adawtre47@fastcompany.com,Male,164.25.53.154,Daxing
153,Matthias,Bradborne,mbradborne48@wisc.edu,,87.219.210.234,Chencai
154,Sharleen,Danser,sdanser49@usatoday.com,Female,128.79.41.109,Yongxing Chengguanzhen
155,Mikaela,Aylett,maylett4a@elpais.com,Female,237.73.175.127,Sioux City
156,George,Speed,gspeed4b@yandex.ru,Male,207.127.3.223,Apeldoorn
157,Jesus,Lamshead,jlamshead4c@zdnet.com,Male,137.36.114.86,
158,Fifi,Keemar,,Female,39.132.51.172,Péfki
159,Coralie,Satford,,Female,126.161.132.189,Poniatowa
160,Ced,Fillery,cfillery4f@salon.com,Male,185.157.228.17,Jiantang
161,Karin,Ovendon,kovendon4g@slashdot.org,Female,120.21.69.253,Barretos
162,Cullie,Rosario,crosario4h@wiley.com,Male,107.150.218.229,
163,Kaitlynn,Chrystal,kchrystal4i@vinaora.com,Female,148.195.107.144,Richmond
164,Bertrando,Dachs,bdachs4j@acquirethisname.com,Male,212.235.196.125,Zašová
165,Nani,Greeno,,Female,140.45.173.214,La Habana Vieja
166,Dianemarie,Andree,dandree4l@narod.ru,,252.232.160.209,Duwakbuter
167,Hastings,Rilings,hrilings4m@google.co.jp,Male,,Guilhabreu
168,Herve,Burleigh,,Male,158.240.135.93,Inhambane
169,Leila,Conti,lconti4o@deliciousdays.com,Female,73.9.187.94,
170,,Ledes,dledes4p@newsvine.com,Female,236.151.224.85,Al Wajh
171,Lissie,Pietasch,lpietasch4q@soundcloud.com,Female,192.38.133.71,Las Carreras
172,Emilia,Adame,eadame4r@cnet.com,Female,224.21.182.114,Rūjayb
173,Imelda,Pilsworth,ipilsworth4s@buzzfeed.com,Female,128.229.57.88,Muraharjo
174,Douglass,Rennie,,Male,54.128.101.36,Ujazd
175,Patsy,,psummersby4u@eventbrite.com,Male,49.192.219.64,Zátor
176,Nickolas,Nottram,,Male,149.163.6.94,Labnig
177,Philipa,Tatchell,ptatchell4w@berkeley.edu,Female,,Zambujal
178,Joey,Pafford,jpafford4x@aol.com,Male,42.73.157.138,Novomoskovs’k
179,Otis,Goosnell,ogoosnell4y@sitemeter.com,Male,,Bicurga
180,Cecily,Hayes,chayes4z@noaa.gov,Female,102.190.181.10,Sydney
181,Risa,Cleever,rcleever50@netscape.com,Female,81.151.38.223,Eastern Suburbs Mc
182,Fielding,Enion,fenion51@sohu.com,Male,34.194.190.199,Xujiahe
183,Lavena,Stalf,lstalf52@bigcartel.com,Female,79.245.94.254,Pyay
184,Edan,Squeers,esqueers53@phoca.cz,Male,172.34.238.221,Umm Ruwaba
185,Khalil,Nelhams,,Male,175.160.68.114,Chacarita
186,Misti,Corbridge,mcorbridge55@dailymail.co.uk,Female,,Västerås
187,Suzanna,Penniell,spenniell56@yellowpages.com,Female,251.92.51.24,Artybash
188,Georgine,Hadlee,ghadlee57@cnbc.com,Female,206.158.89.168,Sernovodsk
189,Lorrie,Sickamore,,Female,162.108.107.162,Dulangan
190,Lauritz,Skipperbottom,lskipperbottom59@merriam-webster.com,,65.77.144.44,Calangain
191,Brant,Leahey,,Male,100.43.202.141,Bakalang
192,Nicolas,Antuoni,nantuoni5b@smh.com.au,,82.80.240.133,Bangolo
193,Ranee,Painswick,rpainswick5c@reuters.com,Female,79.46.108.234,Linan
194,Lew,Glitherow,lglitherow5d@sbwire.com,Male,165.38.140.135,Banī Suwayf
195,Wylma,Codlin,wcodlin5e@hatena.ne.jp,Female,90.25.83.48,Chengdong
196,Kristian,Raselles,kraselles5f@cafepress.com,,192.18.170.187,Los Nogales
197,Teodoro,Molohan,tmolohan5g@shop-pro.jp,Male,155.151.70.135,Boussé
198,Jacquenetta,Mollindinia,jmollindinia5h@noaa.gov,Female,168.121.7.36,Souq Larb’a al Gharb
199,Alicea,Thaxter,athaxter5i@fema.gov,Female,153.180.210.190,Pukë
200,Stavros,Livsey,slivsey5j@home.pl,Male,106.209.136.140,Wushan
201,Flor,Lyddiard,,Female,255.35.196.9,Karditsomagoúla
202,Arny,Grouen,,Male,32.201.252.161,Guotan
203,Maryl,Semper,msemper5m@hao123.com,Female,23.131.108.175,Hotaka
204,Chilton,Loyd,cloyd5n@weather.com,Male,174.125.91.73,Salacgrīva
205,Duky,Ritson,dritson5o@vinaora.com,Male,92.83.87.27,Tsukuba
206,Rosaline,McGebenay,rmcgebenay5p@fc2.com,,176.214.147.112,Mawlamyinegyunn
207,Jeralee,O'Devey,,Female,105.224.234.61,Ma’an
208,Roger,Klossek,rklossek5r@com.com,Male,189.207.195.38,Zaqatala
209,Haze,Blabber,hblabber5s@sitemeter.com,Male,249.18.211.76,Pita
210,Bonni,,bcrevy5t@webeden.co.uk,Female,113.24.174.189,Azua
211,Allyson,Ciccetti,aciccetti5u@arstechnica.com,Female,159.191.32.225,Kambove
212,Cory,Bethel,cbethel5v@hao123.com,Male,146.255.124.26,Čačak
213,Derby,Vallance,dvallance5w@china.com.cn,Male,2.93.178.42,Xilian
214,Wiatt,,wlebosse5x@123-reg.co.uk,Male,38.245.133.229,As Sayyānī
215,Sarina,Hindshaw,shindshaw5y@lycos.com,,41.29.41.158,Solec-Zdrój
216,Calypso,Liell,cliell5z@abc.net.au,Female,218.109.206.42,Colorado Springs
217,Jeri,Gheeraert,jgheeraert60@abc.net.au,Female,,Belfast
218,Tommi,Langlois,tlanglois61@qq.com,Female,18.88.180.90,Czerwin
219,Carma,,cproudler62@yale.edu,Female,238.72.38.160,
220,Vasili,Mathissen,vmathissen63@opera.com,Male,103.141.251.163,Ullubiyaul
221,,Cartmail,acartmail64@google.com,Male,92.124.58.147,Flandes
222,Ryann,Sargent,,Female,243.198.157.123,Sing Buri
223,Quinton,Ochterlony,qochterlony66@sohu.com,Male,76.107.120.223,Mehona
224,Daphene,Satchel,dsatchel67@google.cn,Female,92.215.125.214,Shanyang
225,Eula,Coppock.,ecoppock68@wp.com,Female,,Schiedam postbusnummers
226,Odella,Treppas,,Female,197.220.189.234,Maputo
227,Stanwood,Rayson,srayson6a@dagondesign.com,Male,182.27.125.207,Jaciara
228,Yelena,Foyle,yfoyle6b@google.com.br,Female,23.166.143.9,Guocun
229,Ruthy,Wildt,rwildt6c@independent.co.uk,Female,116.178.106.9,
230,Karmen,Aasaf,kaasaf6d@sohu.com,Female,205.3.153.79,Örebro
231,Kelci,Buddles,,Female,171.37.107.48,Jinhe
232,Gregoire,Waddilove,gwaddilove6f@vinaora.com,Male,146.237.204.16,
233,Merv,Dickson,mdickson6g@virginia.edu,Male,98.43.38.5,Oskarshamn
234,Coop,Selvester,cselvester6h@ameblo.jp,Male,116.108.40.130,Jardoeira
235,Donnamarie,Caldeyroux,dcaldeyroux6i@pbs.org,Female,148.213.109.106,
236,Sharla,Redington,sredington6j@macromedia.com,Female,,Sicamous
237,Ginger,,,Male,250.101.81.101,Jiutai
238,Austin,Fulford,afulford6l@lycos.com,Female,50.131.151.158,
239,Saxon,Fillgate,sfillgate6m@abc.net.au,Male,10.39.186.109,Shāhzādpur
240,Jolene,Nanetti,jnanetti6n@xrea.com,Female,73.84.209.135,Sacanta
241,Casar,Fison,cfison6o@eepurl.com,Male,119.172.192.99,Bystřany
242,Gui,Redolfi,,,191.248.191.143,Agriá
243,Neal,Egger,negger6q@cisco.com,Male,144.61.31.49,Letpandan
244,Antonio,Feechum,afeechum6r@hugedomains.com,Male,87.127.159.253,Langkaplancar
245,Corrie,Farnan,cfarnan6s@sphinn.com,,194.138.10.189,Verkhniy Mamon
246,Hendrika,Sancroft,,Female,67.204.44.2,Motygino
247,Janel,Douche,,Female,71.165.36.70,Solna
248,Theodore,Talby,ttalby6v@boston.com,Male,61.62.212.82,Huyu
249,Farr,Nowakowski,fnowakowski6w@booking.com,Male,163.39.13.194,Zbraslavice
250,Danny,Kondrachenko,dkondrachenko6x@4shared.com,Male,,Xushangqiao
251,Athena,Connolly,aconnolly6y@naver.com,Female,104.255.171.209,
252,Violette,Allabush,vallabush6z@microsoft.com,,77.118.141.184,Haz-Zebbug
253,Chase,Snasel,csnasel70@friendfeed.com,Male,78.147.166.101,
254,Imojean,Ollander,iollander71@flickr.com,Female,183.109.58.110,Lanyang
255,Ellsworth,Silvers,esilvers72@de.vu,,90.151.29.36,Sparks
256,Marta,Tarry,,Female,36.17.11.193,
257,Alan,Racine,aracine74@bloomberg.com,Male,65.99.71.125,
258,Irita,Honisch,ihonisch75@wiley.com,,205.20.166.44,Guruafin
259,Francine,Bothen,fbothen76@usa.gov,Female,9.64.172.134,Ishimbay
260,Rod,De Cleyne,rdecleyne77@over-blog.com,Male,136.175.37.71,Santo Tomas
261,Milo,Carryer,mcarryer78@oakley.com,Male,79.143.20.3,Kalidawir
262,Georg,Ransley,gransley79@dagondesign.com,Male,103.128.29.204,Dolní Počernice
263,Dukey,Varian,dvarian7a@illinois.edu,Male,119.202.137.128,Jinhu
264,Jerrome,Crombie,,,124.141.43.137,Ubud
265,Lucho,Coulbeck,,Male,229.124.128.131,Maguan
266,Shannon,Thirsk,sthirsk7d@nbcnews.com,Male,97.195.145.99,Yankou
267,Vivie,,vattrey7e@bloomberg.com,Female,31.122.112.254,Scottsdale
268,Uriel,Corcut,ucorcut7f@usatoday.com,Male,141.166.221.83,Parawan
269,Griffie,Ribchester,,Male,85.249.70.172,
270,Jobina,Dalziel,jdalziel7h@chron.com,Female,85.4.244.141,Mari
271,Dimitri,,dbeevors7i@163.com,Male,103.234.128.194,Trąbki
272,Rocky,Swadling,,Male,97.226.180.85,Ladoeiro
273,Quinta,Phillot,qphillot7k@vk.com,Female,164.206.124.116,Sobreda
274,Dorian,,dcogdon7l@auda.org.au,Female,155.200.226.36,Caba
275,Lisha,McMoyer,lmcmoyer7m@uol.com.br,Female,205.122.217.86,Kwaluseni
276,Hervey,Garbett,hgarbett7n@mediafire.com,Male,193.27.108.66,Zhangdian
277,Quill,Varnam,qvarnam7o@youku.com,Male,242.88.15.214,Naikoten Dua
278,Sayers,Backshall,sbackshall7p@sphinn.com,Male,135.97.164.210,Pasirtujuhpuluh
279,Hertha,Baudin,hbaudin7q@rediff.com,Female,,Český Těšín
280,Gail,Jamison,gjamison7r@huffingtonpost.com,Female,,Huntsville
281,Phineas,Ivchenko,pivchenko7s@irs.gov,Male,31.95.90.94,Chengguan
282,Kirstin,Piers,,Female,116.197.65.49,Babakanbandung
283,Bancroft,Garz,bgarz7u@utexas.edu,Male,66.235.55.189,
284,Shaine,Mayze,smayze7v@blinklist.com,Female,54.4.109.79,Paris 08
285,Kele,,kjordine7w@list-manage.com,Male,0.76.14.6,
286,Elinor,O'Cassidy,eocassidy7x@mlb.com,Female,158.254.149.37,
287,Rodolphe,Mathou,rmathou7y@eepurl.com,Male,4.13.65.131,Melrose
288,Bertrand,Rodolfi,brodolfi7z@baidu.com,,35.30.179.148,Uchkeken
289,Westbrook,Lydford,wlydford80@imgur.com,Male,101.88.28.210,
290,Feliks,Kinvan,fkinvan81@sfgate.com,Male,116.158.64.52,Cincinnati
291,Timmie,Stonehouse,tstonehouse82@uiuc.edu,Male,168.1.211.2,San Isidro
292,Sabrina,McCullagh,,Female,133.117.152.156,Olszyna
293,Dru,Prentice,dprentice84@google.es,Female,51.229.206.45,Lapuz
294,Tabbie,Stear,,Male,39.213.236.231,
295,Wheeler,Delatour,wdelatour86@about.com,Male,122.24.33.134,Sukasada
296,Holli,Lascelles,hlascelles87@illinois.edu,,94.41.160.148,Quvasoy
297,Dierdre,Freddi,dfreddi88@apache.org,Female,97.15.39.54,
298,,Izkovici,,Male,208.53.61.222,Tatsunochō-tominaga
299,Arlena,Polet,apolet8a@sourceforge.net,Female,193.249.4.0,Golovchino
300,Jeremy,,jpeyro8b@ovh.net,Male,217.223.70.90,Bombardopolis
301,Ber,Ettels,,Male,220.194.225.78,Le Grand-Quevilly
302,Patten,Blyth,pblyth8d@cdbaby.com,Male,,Lexington
303,Wash,Kersley,wkersley8e@businesswire.com,Male,234.119.112.191,Xietang
304,Felita,Gabler,fgabler8f@ted.com,Female,135.22.70.156,Puqi
305,Adah,Bartlam,abartlam8g@mashable.com,Female,218.70.11.72,Jiangzhang
306,Donn,Portriss,dportriss8h@oakley.com,Male,205.112.4.28,Energeticheskiy
307,Emelina,Meysham,emeysham8i@google.de,Female,149.155.126.79,Uptar
308,Eartha,Renneke,erenneke8j@google.co.uk,Female,,Cogreg Wetan
309,Genevieve,Helstrip,ghelstrip8k@sphinn.com,Female,248.52.104.188,Campo Viera
310,Cully,Bolle,cbolle8l@tumblr.com,Male,136.143.107.129,Patayac
311,Patience,Whelpton,pwhelpton8m@tinypic.com,Female,132.180.88.230,Yihe
312,Moll,Rangle,,Female,177.176.42.58,Shangsanji
313,Gustavus,Lipmann,glipmann8o@ameblo.jp,Male,21.162.16.17,Huaniao
314,Erastus,Dougill,edougill8p@godaddy.com,Male,166.108.60.18,Shuanglu
315,Waverly,Remer,wremer8q@geocities.com,Male,138.37.66.225,El Regalo
316,Olenolin,Gittings,ogittings8r@a8.net,Male,148.109.109.182,Torslanda
317,Toni,Pratley,tpratley8s@latimes.com,Female,172.13.88.244,Marataizes
318,Chad,Iorillo,,Female,113.150.66.83,Cumming
319,Johna,Dellenty,jdellenty8u@cbsnews.com,Female,151.106.169.239,Oropesa
320,Tildy,Jeske,tjeske8v@google.ca,Female,122.28.241.192,Chivilcoy
321,Judon,Cianni,,Male,108.69.144.24,
322,Ron,Peasegood,rpeasegood8x@tripod.com,,30.100.5.195,Taipingzhuang
323,Eveleen,Delacoste,edelacoste8y@scientificamerican.com,Female,67.207.70.251,Prantaan
324,Emilio,Staning,estaning8z@hc360.com,Male,197.12.93.222,Murcki
325,Paddy,Flegg,pflegg90@parallels.com,Male,194.169.94.126,Nakambala
326,Marcellus,Rozzell,mrozzell91@globo.com,Male,,Xintaimen
327,Benedetta,Seacombe,bseacombe92@zdnet.com,Female,156.100.158.182,Mirovka
328,Duky,Frankum,dfrankum93@fda.gov,Male,142.60.227.170,
329,Myca,Padilla,,Male,37.240.41.72,Taibai
330,Werner,Newgrosh,wnewgrosh95@washington.edu,Male,164.95.237.53,Barraute
331,Merissa,Faro,mfaro96@mtv.com,Female,205.153.148.89,Tayum
332,Glenden,Breakspear,gbreakspear97@google.com.hk,Male,10.21.225.184,Hutag
333,Hanson,St. Quentin,hstquentin98@delicious.com,Male,251.211.93.183,Vysotskoye
334,Gerta,Bendon,gbendon99@cam.ac.uk,Female,61.243.81.125,Loboniki
335,Nadean,Manshaw,nmanshaw9a@tuttocitta.it,Female,37.240.130.120,Krông Kmar
336,Gloriana,Hackforth,ghackforth9b@berkeley.edu,Female,2.251.7.118,Zuolan
337,Corrine,Georgelin,cgeorgelin9c@is.gd,Female,11.96.61.136,Murtajih
338,Vassili,Lavens,vlavens9d@cmu.edu,Male,,
339,Lane,Ibbison,,Female,25.27.111.132,Kenzhe
340,Luella,Pybworth,lpybworth9f@privacy.gov.au,Female,7.162.219.241,Demak
341,,Wissbey,lwissbey9g@usatoday.com,Male,248.176.228.153,Dos Quebradas
342,Tiffanie,Winnister,,Female,59.111.203.28,Lingbei
343,Valaree,Schapero,vschapero9i@w3.org,Female,141.135.68.36,Kota Kinabalu
344,Cyrille,Youson,cyouson9j@merriam-webster.com,Male,190.54.209.77,Krajan Gebangan
345,Arther,Hercock,ahercock9k@miitbeian.gov.cn,,117.187.186.3,Darhan
346,Vina,Bellard,,Female,176.142.175.60,Grugul
347,Howard,Cockett,hcockett9m@tumblr.com,Male,106.242.61.79,Montecristi
348,Haleigh,Munnis,hmunnis9n@gravatar.com,Female,41.33.224.109,Brocēni
349,Conni,Killeley,ckilleley9o@omniture.com,Female,251.161.53.129,Lamphun
350,Eachelle,Pedrollo,epedrollo9p@mayoclinic.com,Female,74.168.121.130,Fengyuan
351,Charil,Vallow,,,52.81.153.27,
352,Dierdre,,dthieme9r@mlb.com,Female,,Xinhe
353,Melisa,Northrop,mnorthrop9s@bloglines.com,Female,110.255.204.103,Svetlograd
354,Lulita,Leeson,lleeson9t@accuweather.com,Female,104.36.76.188,Prochnookopskaya
355,Jules,Kitchingman,jkitchingman9u@posterous.com,Male,152.61.77.7,Belsk Duży
356,Danny,Whittam,,Male,94.194.236.235,Babahoyo
357,Bald,Cavell,bcavell9w@istockphoto.com,,24.62.221.211,Karantaba
358,Hill,MacRory,hmacrory9x@webeden.co.uk,Male,216.109.188.142,Loboniki
359,Leslie,Fulle,,Female,162.158.26.200,Baní
360,Rick,McCabe,,Male,142.237.75.242,Mikołów
361,Buddie,Viollet,bviolleta0@nymag.com,,8.247.189.58,Galatás
362,Maye,Remmers,mremmersa1@nyu.edu,Female,,Tohautu
363,Hildagarde,Shannahan,hshannahana2@ning.com,Female,,Xianyi
364,Pacorro,Duffet,pduffeta3@apache.org,Male,231.184.67.39,Tabaquite
365,Dionysus,Lung,dlunga4@redcross.org,Male,65.54.223.250,San Pedro
366,Jennica,Diss,jdissa5@ftc.gov,Female,38.167.254.55,
367,Anett,,amulvanya6@admin.ch,Female,138.214.30.16,Ráquira
368,Edouard,Cutts,ecuttsa7@friendfeed.com,Male,42.203.89.99,Cikuya
369,Eugine,Oaker,eoakera8@blogger.com,Female,69.209.191.222,Xiluodu
370,,Machin,mmachina9@google.cn,,,
371,Lita,Bagnal,lbagnalaa@cloudflare.com,Female,145.153.29.224,
372,Bald,Linge,blingeab@livejournal.com,Male,27.177.163.203,Lutun
373,Isac,Baseley,ibaseleyac@nbcnews.com,Male,,Huaping
374,Evelin,Wallicker,,Male,90.15.4.238,Zaytā
375,Veriee,Chittleburgh,vchittleburghae@cnn.com,Female,17.48.175.155,Kamiennik
376,Giraldo,Crosio,gcrosioaf@twitpic.com,Male,19.149.203.240,Leiling
377,Jecho,Mulholland,jmulhollandag@theatlantic.com,,63.203.81.218,Khurriānwāla
378,Nisse,Macey,nmaceyah@hugedomains.com,Female,15.11.37.169,Cucutilla
379,Ekaterina,Callum,ecallumai@nbcnews.com,Female,138.114.223.221,Thành Phố Phủ Lý
380,Troy,Starton,tstartonaj@google.co.jp,Male,108.239.219.213,Kedungharjo
381,Eimile,Gander,eganderak@opera.com,,101.15.163.247,Yongchuan
382,,Costen,lcostenal@dropbox.com,,59.68.230.71,Huage
383,Nalani,Weinmann,nweinmannam@vimeo.com,Female,33.29.60.125,Ōmagari
384,Mac,Pryde,mprydean@sciencedaily.com,Male,211.78.120.186,Shikārpur
385,Bone,Abrahamsen,babrahamsenao@state.gov,,141.87.186.204,
386,Willie,Olifard,wolifardap@theatlantic.com,Male,76.108.140.28,Ertai
387,Willem,Stidworthy,wstidworthyaq@google.co.jp,Male,138.116.129.247,Tipaz
388,Esmaria,Casali,ecasaliar@columbia.edu,Female,165.205.210.165,Adiaké
389,Nanny,Grunnell,ngrunnellas@redcross.org,Female,192.8.62.147,
390,Cass,Galia,cgaliaat@wikimedia.org,Male,181.229.175.9,
391,Denver,Wallbutton,,Male,58.100.141.164,Kifrī
392,Cortie,Peddie,cpeddieav@utexas.edu,Male,174.94.121.141,Września
393,Eliza,Jeanin,ejeaninaw@arstechnica.com,Female,31.39.182.235,Sidi Bouzid
394,Roldan,Rankcom,rrankcomax@woothemes.com,Male,95.175.24.2,Mandepa Barat
395,Sloane,Prophet,,Male,105.151.185.60,Sidirókastro
396,Antonius,Rosewall,arosewallaz@mit.edu,,90.198.60.129,Sibreh
397,Fabian,Duplain,fduplainb0@harvard.edu,Male,132.176.231.115,Jaru
398,Malcolm,Kerslake,mkerslakeb1@nifty.com,Male,241.207.4.181,Shunling
399,Natale,Mellonby,nmellonbyb2@webeden.co.uk,Male,96.37.191.153,Zhenjiang
400,Lucais,Stancliffe,,Male,154.71.198.254,Mawlamyinegyunn
401,Kip,Vigus,kvigusb4@mlb.com,Male,35.20.176.116,Luz de Tavira
402,Kellina,Avraham,kavrahamb5@nasa.gov,Female,216.167.118.169,Chivhu
403,Diandra,Verrill,dverrillb6@example.com,Female,130.138.82.80,Kruengraya
404,Ase,Kealy,,Male,234.185.118.52,San Felipe
405,Gill,Ricco,griccob8@epa.gov,Male,219.64.244.136,Krzynowłoga Mała
406,Korry,Hinkes,khinkesb9@ucoz.com,Female,148.246.53.215,Yanchi
407,Glad,Andras,gandrasba@godaddy.com,Female,170.213.61.65,Sadao
408,Hailey,Matura,hmaturabb@livejournal.com,Male,68.105.36.58,Lucaya
409,Abby,Batchelour,,,241.63.87.173,Chendian
410,Mateo,Ccomini,mccominibd@topsy.com,Male,117.22.112.9,Dzüünharaa
411,Ingunna,Metham,imethambe@cyberchimps.com,Female,140.246.9.0,Raga
412,Rosita,Rolfe,rrolfebf@typepad.com,Female,32.107.26.152,Jiahu
413,Theresita,Orteu,torteubg@arstechnica.com,Female,137.171.22.10,Saltsjö-Boo
414,Josepha,Harwood,jharwoodbh@slashdot.org,Female,146.180.44.88,Tours
415,Kattie,Terbruggen,kterbruggenbi@free.fr,Female,101.214.56.202,Najrān
416,Marijn,Mennell,mmennellbj@japanpost.jp,Male,211.226.175.151,Xiaohebian
417,Merell,Carlesso,mcarlessobk@google.de,Male,,Shubenka
418,Hasheem,Marsie,hmarsiebl@toplist.cz,Male,102.67.192.37,Al Jadīd
419,Malanie,Yelding,myeldingbm@telegraph.co.uk,Female,246.19.207.173,Tireman Timur
420,Pattie,Pedron,ppedronbn@theatlantic.com,,,Mahébourg
421,Winona,Maile,wmailebo@w3.org,Female,35.70.125.86,Laborde
422,Doris,Cardwell,,Female,241.241.196.121,Carpina
423,Jordon,Atwood,jatwoodbq@miibeian.gov.cn,Male,214.92.160.246,Charleston
424,Opal,Alvis,oalvisbr@thetimes.co.uk,Female,214.255.233.36,Cuauhtemoc
425,Gav,Pettifer,,Male,86.179.163.13,Toledo
426,Cordie,Louche,,Male,241.7.52.210,Lesnoy
427,Noel,Mellmoth,nmellmothbu@wikia.com,Female,,Ińsko
428,Clair,Garnson,,Female,209.71.71.157,Montbéliard
429,Hilde,Brimicombe,hbrimicombebw@spiegel.de,Female,10.171.103.209,Chornorudka
430,Dee dee,Uvedale,duvedalebx@tripadvisor.com,Female,235.214.153.160,Wysoka
431,Gaylord,Ashbe,gashbeby@ebay.co.uk,Male,235.99.29.175,Imari
432,Everett,,ejakovijevicbz@unc.edu,Male,50.206.73.215,San Luis
433,Leda,Molesworth,lmolesworthc0@xinhuanet.com,Female,76.160.97.200,Bazi
434,Will,Routham,,Male,20.170.152.39,Baqiao
435,Ana,Charlton,acharltonc2@nyu.edu,Female,238.96.225.60,Castlebellingham
436,Nap,Holyland,nholylandc3@cnn.com,Male,66.130.63.185,
437,Eolanda,Capstake,ecapstakec4@bing.com,Female,,Abaeté
438,Babbie,Bruhke,bbruhkec5@liveinternet.ru,,162.115.91.66,
439,Winifield,Dysert,wdysertc6@booking.com,Male,210.7.20.249,Chojata
440,Leda,Peagram,lpeagramc7@nih.gov,Female,,Montgomery
441,Patricia,,pmenichellic8@hc360.com,Female,,Fengkou
442,Quincey,Yeates,qyeatesc9@rakuten.co.jp,Male,191.5.28.5,Al ‘Azīzīyah
443,Ardelis,Dulwitch,adulwitchca@wordpress.com,Female,115.125.145.109,Kamigyō-ku
444,Corliss,Cleworth,ccleworthcb@hubpages.com,Female,94.225.82.162,Zhenxing
445,Feodor,Scinelli,,Male,141.116.248.4,
446,Arley,Stollery,astollerycd@imgur.com,Male,242.29.3.199,Barkā’
447,Wittie,Hedgecock,whedgecockce@edublogs.org,Male,152.150.95.31,Watulimo
448,Lorelle,Beminster,lbeminstercf@dailymotion.com,Female,162.118.233.7,Nova Friburgo
449,Theresa,Ruger,trugercg@typepad.com,Female,,Soe
450,Briny,Roebottom,broebottomch@ycombinator.com,Female,159.32.185.122,Shangtianba
451,Lancelot,Renney,lrenneyci@google.co.jp,,46.139.99.74,A-da-Gorda
452,Dud,Moir,dmoircj@discovery.com,Male,212.217.89.29,Yangfeng
453,Dorella,Dryden,ddrydenck@house.gov,Female,223.111.29.125,‘Afrīn
454,Si,Colquitt,scolquittcl@about.com,Male,165.247.173.195,Daqiao
455,Maxim,Gowman,mgowmancm@msn.com,Male,168.194.106.86,Takub
456,Emmalynn,Tolworthy,etolworthycn@ycombinator.com,Female,56.32.147.184,Brooklyn
457,Rollo,Billie,rbillieco@guardian.co.uk,Male,90.134.150.14,Columbus
458,Wildon,Androletti,,Male,184.4.205.36,Safi
459,Theo,O'Keeffe,tokeeffecq@unicef.org,Female,165.15.197.21,Phuthaditjhaba
460,Flossy,Seager,fseagercr@xinhuanet.com,,30.240.251.134,Cijengkol
461,Kristyn,Carswell,kcarswellcs@privacy.gov.au,Female,59.98.226.217,Korolëv Stan
462,Aggi,Calderon,acalderonct@bbc.co.uk,Female,120.250.196.29,Sandao
463,Gustavo,Elstub,gelstubcu@bravesites.com,Male,208.203.157.185,Golcowa
464,Rene,Acome,racomecv@amazon.co.uk,,86.112.250.120,Tolitoli
465,Rik,Matyasik,rmatyasikcw@fda.gov,Male,100.96.193.180,
466,Heywood,Nicholls,hnichollscx@arizona.edu,Male,119.14.27.171,Sobral
467,Ody,Weyman,,Male,118.127.44.132,Gahe
468,Slade,Worstall,sworstallcz@cpanel.net,,37.204.186.40,Qal‘ah-ye Kūf
469,Vanny,Connick,vconnickd0@nifty.com,,80.166.36.42,Qiaotou
470,Nadean,,ndohertyd1@histats.com,Female,213.234.161.115,Mongar
471,Brittne,Twohig,btwohigd2@usgs.gov,Female,180.230.89.86,
472,Heddi,Brighouse,hbrighoused3@cbc.ca,Female,1.108.6.141,Thabazimbi
473,Hermia,Estable,hestabled4@toplist.cz,Female,67.17.185.9,Huangjinjing
474,Lucho,McQuirter,lmcquirterd5@photobucket.com,Male,210.129.36.61,Valparaíso
475,Karel,Carnihan,kcarnihand6@cbsnews.com,Female,226.233.108.21,Akráta
476,Carri,Atwood,catwoodd7@nsw.gov.au,Female,190.10.235.192,Guiset East
477,Leanora,,lfechnied8@com.com,Female,33.135.27.29,Hwacheon
478,Stanton,Orring,sorringd9@independent.co.uk,Male,23.112.160.80,La Estrella
479,Hirsch,Everington,heveringtonda@miitbeian.gov.cn,Male,,Liangbing
480,Padriac,Keming,pkemingdb@flavors.me,Male,26.245.1.245,Manchioneal
481,Marshal,Romayne,mromaynedc@prlog.org,Male,186.249.210.239,Nyinqug
482,Suzette,Neathway,sneathwaydd@nasa.gov,Female,,Darovskoy
483,Cale,Skerme,cskermede@wufoo.com,Male,133.145.248.183,Shanjeev Home
484,Darell,Brayfield,dbrayfielddf@businessinsider.com,Female,104.44.106.87,Västerås
485,Riki,,,Female,188.159.52.176,Bang Nam Priao
486,Harmonia,Wilprecht,hwilprechtdh@reference.com,Female,153.148.21.180,Prévost
487,Cull,Piechnik,cpiechnikdi@un.org,Male,254.212.131.19,Baki
488,Urbain,Ambrosini,uambrosinidj@studiopress.com,Male,69.221.74.140,Newmarket
489,Shirl,Jennick,sjennickdk@google.com.br,Female,211.176.77.163,Xiaowuzhan
490,Julio,Kimber,jkimberdl@squidoo.com,,1.116.152.71,Cantilan
491,Brook,Penhalewick,bpenhalewickdm@elegantthemes.com,Female,215.39.15.151,Kroya
492,Linnet,Braven,lbravendn@furl.net,Female,145.207.42.98,Klobuky
493,Burt,Zorzoni,bzorzonido@ocn.ne.jp,Male,40.45.229.22,Ropice
494,Phaedra,Foulis,pfoulisdp@umich.edu,Female,65.141.116.163,Saint-Denis
495,Chip,Dahlen,cdahlendq@g.co,Male,244.138.39.10,
496,Arabel,Crossthwaite,acrossthwaitedr@skyrock.com,Female,166.107.124.229,Ponta Porã
497,Valera,Burgane,vburganeds@sourceforge.net,,177.175.94.131,Muhos
498,Kaleb,Barkworth,kbarkworthdt@reverbnation.com,Male,132.2.48.219,Luoshe
499,Teena,Lowman,tlowmandu@ovh.net,Female,104.11.254.153,Sihai
500,Portia,Perle,,Female,76.82.26.248,Troitsk
501,Fulvia,Grzelak,,Female,247.220.236.6,Teculután
502,Shaughn,Chirm,schirmdx@comcast.net,Male,90.3.193.57,Rizómata
503,Sophey,Brittlebank,sbrittlebankdy@nifty.com,Female,,Taiqing
504,Claudio,Smithies,csmithiesdz@sogou.com,Male,233.151.106.95,Viejo Daan Banua
505,Alfonso,Terrazzo,aterrazzoe0@accuweather.com,Male,185.232.94.28,Morinville
506,Ulberto,Titford,utitforde1@narod.ru,Male,171.205.106.217,Aozai
507,Robina,Ferrara,,Female,127.247.26.241,Leping
508,Brice,,blanchberye3@cam.ac.uk,Male,246.114.2.186,Camacupa
509,Joya,Kolczynski,jkolczynskie4@constantcontact.com,Female,148.246.232.197,
510,Kristyn,Gosforth,kgosforthe5@yelp.com,Female,9.77.90.165,Blatnica
511,Griffie,Dudenie,gdudeniee6@state.tx.us,Male,234.41.143.73,Hanyū
512,Elsworth,Dallicott,edallicotte7@nymag.com,Male,219.60.37.232,Bolembre
513,Sapphira,Denson,sdensone8@webeden.co.uk,Female,122.249.32.40,Wangcungang
514,Ernesta,Kitter,ekittere9@shop-pro.jp,Female,,Bužim
515,,Goodwell,mgoodwellea@vimeo.com,Male,148.18.10.210,Maebashi-shi
516,Ivan,,ihabbaleb@exblog.jp,Male,231.171.178.99,Liulihe
517,Ellery,Liebrecht,eliebrechtec@multiply.com,Male,129.240.131.79,Kaoma
518,Vitoria,Sparsholt,vsparsholted@istockphoto.com,Female,254.130.199.37,Mao
519,Reggie,Challener,rchalleneree@ow.ly,Male,207.108.218.251,San Juan Ermita
520,Tadeo,Westmarland,twestmarlandef@moonfruit.com,Male,209.37.218.222,
521,Ruddie,Vasin,rvasineg@purevolume.com,Male,180.121.182.26,Hodkovičky
522,Lynea,Meechan,lmeechaneh@washington.edu,Female,170.239.12.141,Zhaojia
523,Teodoor,Galliford,tgallifordei@github.com,Male,,Margorejo
524,Winifield,Fletcher,wfletcherej@arizona.edu,Male,,Oeleu
525,Dyanna,Graveney,dgraveneyek@engadget.com,Female,77.254.11.198,Jiantiao
526,Shae,Ligerton,sligertonel@stanford.edu,Female,77.77.197.99,Guaimaca
527,Bartlett,Antrag,bantragem@smh.com.au,Male,234.180.121.153,Starodub
528,Reyna,Portal,rportalen@army.mil,Female,135.196.218.171,Qiting
529,Andriette,Terrell,aterrelleo@home.pl,Female,107.20.142.19,Emiliano Zapata
530,Matilda,Tarpey,mtarpeyep@cornell.edu,,37.194.97.120,
531,Joly,,jflasbyeq@hc360.com,,166.143.123.202,Dayton
532,Chelsae,Davers,cdaverser@feedburner.com,Female,124.18.219.146,Bartsrashen
533,Anderea,Maundrell,amaundrelles@quantcast.com,Female,156.240.172.188,Unaí
534,Trista,Ludron,tludronet@ebay.co.uk,Female,109.217.16.128,Nanhe
535,Malvin,Tott,,Male,85.52.78.41,Helsingborg
536,Christy,Suarez,csuarezev@domainmarket.com,Female,179.168.232.128,Taurage
537,Trstram,Heinig,theinigew@toplist.cz,Male,68.147.107.38,Sananduva
538,,Bernaert,cbernaertex@google.fr,Male,12.173.190.64,Cikiruh Wetan
539,Gaylor,Ledbetter,gledbetterey@comcast.net,Male,73.123.197.102,
540,Justina,Bullman,jbullmanez@china.com.cn,Female,38.154.189.62,Mamurras
541,Davy,Madle,dmadlef0@wired.com,Male,139.189.24.239,Kelasuri
542,Anneliese,Fulton,afultonf1@house.gov,Female,184.16.32.229,
543,Desiri,Richarz,dricharzf2@whitehouse.gov,,3.54.141.104,Anna Regina
544,Thorvald,Dwane,,Male,2.136.72.240,Chahe
545,Lindy,Trolley,ltrolleyf4@soup.io,Male,120.57.52.108,Kozelets’
546,Barnaby,Giacovetti,bgiacovettif5@icio.us,Male,226.156.28.212,Lawa-an
547,,Brusin,fbrusinf6@nhs.uk,Female,90.92.234.223,Banjar Ambengan
548,Currie,Lieb,,Male,136.146.237.186,Urasqui
549,Francesca,Casassa,,Female,89.157.25.229,Shaoha
550,Darcy,Cracknell,dcracknellf9@odnoklassniki.ru,Female,48.94.153.167,Fullerton
551,Corby,Deware,cdewarefa@typepad.com,Male,83.47.221.58,Xikou
552,Darb,Witheford,dwithefordfb@fema.gov,Female,41.130.143.231,Ōkuchi
553,Morten,Vibert,mvibertfc@nps.gov,Male,,Santo Adrião Vizela
554,Janaya,Ashenhurst,jashenhurstfd@studiopress.com,Female,174.196.225.95,Jaworze
555,Mercie,Gallant,mgallantfe@guardian.co.uk,Female,185.132.19.185,Miaoquan
556,Rouvin,Szymanowicz,rszymanowiczff@moonfruit.com,Male,166.179.79.211,Vila Maior
557,Grenville,,ggoodyerfg@pcworld.com,Male,253.37.237.242,Carcavelos
558,Trenton,Duce,,,211.19.214.160,Curahklapa
559,Hestia,Poad,hpoadfi@cmu.edu,Female,123.193.110.193,Rautalampi
560,Shannon,O' Dornan,sodornanfj@comcast.net,Male,136.55.86.54,Shreveport
561,Jilli,Bilbrooke,,Female,139.241.6.246,Zhangjiabao
562,Rubi,Staig,rstaigfl@themeforest.net,Female,42.11.27.12,Pianbai
563,Farrand,Beaglehole,,Female,103.107.104.140,Rancabungur
564,Justis,Hambridge,jhambridgefn@weather.com,Male,84.253.42.94,Castanheira de Pêra
565,Isis,Diess,idiessfo@t-online.de,Female,103.77.219.182,
566,Angelia,Enrich,aenrichfp@example.com,Female,185.86.139.26,Zapolyarnyy
567,Junina,Hakes,jhakesfq@yale.edu,Female,,Baiyang
568,Carmella,Normanville,cnormanvillefr@cbc.ca,Female,209.230.9.125,Ko Si Chang
569,Calv,Puig,cpuigfs@home.pl,Male,211.160.63.67,
570,Leanor,Kolis,lkolisft@twitpic.com,Female,,Solsona
571,Hunt,Lamboll,hlambollfu@creativecommons.org,Male,207.105.6.194,Prostřední Bečva
572,Johannes,Desson,jdessonfv@tumblr.com,Male,135.188.97.57,Ananindeua
573,Juliana,Spratling,jspratlingfw@icio.us,Female,,Purificación
574,Cole,Geddis,cgeddisfx@multiply.com,Male,160.167.46.78,Riangwale
575,Sondra,Pogosian,spogosianfy@stumbleupon.com,Female,116.210.12.167,Uherské Hradiště
576,Laney,Leuty,lleutyfz@amazon.co.jp,Male,132.155.217.131,Tadabliro
577,Bernardina,Champness,,Female,73.56.16.189,Sukakerta
578,Kermy,Gresch,kgreschg1@ebay.co.uk,Male,57.40.12.91,Le Chambon-Feugerolles
579,Phedra,Siflet,psifletg2@nature.com,Female,221.230.124.31,Sabaneta
580,Elsey,Morson,emorsong3@mayoclinic.com,Female,12.62.158.226,Cisalakdesa
581,Kent,Postlethwaite,,Male,75.91.52.13,Września
582,Trumaine,Covet,tcovetg5@twitpic.com,Male,252.108.159.194,Bürenhayrhan
583,Vale,Mulderrig,,Female,232.231.85.92,Krasnovishersk
584,Gina,Otto,gottog7@bloomberg.com,Female,,Mari
585,Egor,Chelsom,echelsomg8@aboutads.info,,247.69.71.75,Brejos
586,Liv,Keir,,Female,20.240.243.103,
587,Sib,Egle,,Female,201.80.152.217,Cihua
588,Sim,Reder,sredergb@odnoklassniki.ru,Male,89.33.46.109,Obo
589,Rourke,Gathercole,rgathercolegc@seattletimes.com,Male,60.184.70.154,Pader Palwo
590,Minerva,Binham,mbinhamgd@irs.gov,,39.155.235.181,Slavuta
591,Barr,Gorrick,bgorrickge@google.ru,Male,219.142.120.191,Xibu
592,Tadeas,Kildahl,tkildahlgf@nyu.edu,Male,157.144.33.188,Orléans
593,Tripp,Downton,tdowntongg@alibaba.com,Male,2.190.20.51,Kilju
594,Godfrey,Salisbury,gsalisburygh@meetup.com,Male,122.39.219.48,Manogay
595,Rosabella,Paley,rpaleygi@arstechnica.com,Female,151.111.109.94,Stakhanov
596,Coop,Jedraszczyk,cjedraszczykgj@sciencedaily.com,Male,0.169.98.159,Palmerston North
597,Giffer,,gmarquisgk@washingtonpost.com,Male,128.60.82.198,Zhaxirabdain
598,Joelle,,,Female,82.22.116.30,Sam Phran
599,Kitty,Valler,kvallergm@google.ru,Female,53.37.240.41,Gällivare
600,Gustavus,Oliveti,,Male,129.146.25.149,Sortavala
601,Keir,Grigaut,,Male,1.182.91.53,Jalaud
602,Auguste,Paskin,apaskingp@cam.ac.uk,Female,7.35.247.5,Pittsburgh
603,Brit,Gianinotti,bgianinottigq@un.org,Female,184.151.237.214,Xiangyang
604,Kenyon,Gibling,kgiblinggr@nytimes.com,Male,182.162.121.68,Otterburn Park
605,Terrie,Daubney,tdaubneygs@redcross.org,Female,92.90.8.221,Staraya Stanitsa
606,Merna,Graber,mgrabergt@redcross.org,Female,225.123.11.181,Illushi
607,Shari,Minot,sminotgu@squarespace.com,Female,,Guazhou
608,Agnella,Ewart,aewartgv@pbs.org,Female,178.191.244.171,
609,King,Scrimgeour,kscrimgeourgw@telegraph.co.uk,Male,61.128.123.197,Ciénaga de Oro
610,,Navarijo,enavarijogx@naver.com,Female,121.126.119.139,Santa María Ixhuatán
611,Orville,Dreinan,odreinangy@google.ca,Male,56.201.0.170,Tushi
612,Stafford,Corrison,scorrisongz@cornell.edu,Male,192.23.44.207,Quezaltepeque
613,Brynne,Dunton,bduntonh0@alibaba.com,Female,168.41.242.119,Balingueo
614,Llywellyn,Minette,lminetteh1@jalbum.net,Male,180.81.225.108,Weiyuankou
615,Ludovika,Greber,lgreberh2@google.de,Female,133.155.73.253,
616,Webster,Trodden,wtroddenh3@ihg.com,Male,135.185.108.171,Sokol’niki
617,Orsola,Baglow,obaglowh4@cmu.edu,Female,180.34.48.109,Svetlyy
618,Westleigh,MacTimpany,wmactimpanyh5@chronoengine.com,Male,181.96.55.110,Semenivka
619,Ynes,Bearward,ybearwardh6@cbsnews.com,Female,206.179.194.6,Bonga
620,Kristofor,Sommersett,ksommersetth7@arstechnica.com,Male,153.69.179.6,Jiḩānah
621,,Gambrell,cgambrellh8@ted.com,Female,121.81.237.38,Thoen
622,Dorisa,Snartt,dsnartth9@dot.gov,Female,55.109.87.244,Shapa
623,Dot,Dulin,,Female,116.20.48.98,Norrtälje
624,Jeri,Bakewell,jbakewellhb@comcast.net,Female,15.170.69.169,Jinzao
625,Kent,Thurlby,kthurlbyhc@intel.com,Male,195.98.231.37,Kinkala
626,Allan,Poltun,apoltunhd@mozilla.com,Male,116.196.245.117,El Pardo
627,Enrica,Shottin,eshottinhe@ovh.net,Female,43.243.163.17,Stříbro
628,Delcine,Linnard,dlinnardhf@jiathis.com,Female,0.10.254.81,Jalapa
629,Liv,Giacoppoli,lgiacoppolihg@hatena.ne.jp,Female,229.198.189.82,Kalyny
630,Nerta,Akroyd,nakroydhh@businessweek.com,Female,98.20.180.62,Kadusimbar
631,Cherida,Haggar,chaggarhi@newsvine.com,Female,183.195.171.224,Fovissste
632,Monika,Reedyhough,,,38.50.241.155,São Joaquim da Barra
633,Saxon,Triner,strinerhk@surveymonkey.com,Male,219.227.58.7,Krajan Ngrambingan
634,Halli,McFall,hmcfallhl@squidoo.com,Female,110.212.107.81,Quintela
635,Merrill,Digle,mdiglehm@youtu.be,Male,213.63.140.77,Dumingag
636,Tobe,Vanyashkin,tvanyashkinhn@dropbox.com,Female,99.132.131.111,Świdwin
637,Ernaline,Buist,,Female,54.169.238.244,Saint-Bruno-de-Guigues
638,Hewett,McAlpine,hmcalpinehp@independent.co.uk,Male,44.124.4.224,Labrang
639,Lynn,Labin,llabinhq@privacy.gov.au,Female,154.191.106.242,Niulanshan
640,Moreen,Melonby,mmelonbyhr@springer.com,Female,91.160.233.62,Al Mijlad
641,Sena,Wesker,sweskerhs@yale.edu,Female,253.5.48.132,Kawaguchi
642,Sisely,Jacmar,sjacmarht@bbb.org,,67.43.198.14,Bang Len
643,Timmie,Yakubov,tyakubovhu@webs.com,,153.177.184.140,Mansôa
644,Mathe,Southeran,msoutheranhv@umich.edu,Male,39.138.165.191,Itajaí
645,Hatti,Zecchii,hzecchiihw@smugmug.com,Female,203.35.181.192,
646,Lock,Dobrovolny,ldobrovolnyhx@webnode.com,Male,173.169.28.44,Trashigang
647,Tanya,Danit,,,,Feliciano
648,Raimondo,Markos,rmarkoshz@howstuffworks.com,Male,187.189.68.236,Yu’erhong
649,Renaldo,Reece,,Male,63.198.188.2,
650,Bertha,Setterthwait,bsetterthwaiti1@geocities.jp,,156.137.167.188,Omuthiya
651,Deana,Yakolev,,,54.83.111.37,Parnaíba
652,Arnoldo,Farrimond,afarrimondi3@prweb.com,Male,179.55.148.120,Vierzon
653,Avrit,Tindle,atindlei4@photobucket.com,Female,203.102.222.89,Campo Formoso
654,Theodosia,Trymme,ttrymmei5@sbwire.com,,100.164.169.55,Quimbaya
655,Flor,Faro,ffaroi6@pcworld.com,Female,52.160.187.191,Shar’ya
656,Berkie,Lefeaver,blefeaveri7@pen.io,Male,204.247.203.128,Kabalen
657,Leila,Hatliffe,lhatliffei8@examiner.com,Female,155.179.134.103,Shebunino
658,Borden,Geldeard,bgeldeardi9@house.gov,Male,181.255.97.59,Bekasi
659,Paolina,Bugdale,pbugdaleia@wikia.com,Female,204.172.129.182,Comitancillo
660,Thorpe,Glaum,tglaumib@chron.com,Male,199.252.121.10,Tafo
661,Dame,Martyns,,Male,,Tunbao
662,Dawna,Swafield,dswafieldid@yellowpages.com,Female,,Kastav
663,Staffard,Cartmail,scartmailie@nymag.com,Male,109.75.96.162,Gyangkar
664,Barbie,Lobe,blobeif@cargocollective.com,Female,82.212.23.124,Ángeles
665,Laverna,Wooddisse,lwooddisseig@go.com,,226.166.225.252,Talā
666,Julietta,Deeming,jdeemingih@skyrock.com,Female,251.110.46.59,Cibitung
667,Sylvia,Furniss,,Female,129.124.19.224,Ikeda
668,Shamus,Spires,sspiresij@eepurl.com,Male,51.161.110.19,Kemuning
669,Luisa,Wanley,lwanleyik@hostgator.com,Female,148.40.219.125,Shijak
670,Astrid,Holehouse,aholehouseil@last.fm,Female,,Haradzishcha
671,Tanitansy,Prescote,tprescoteim@state.gov,Female,229.250.155.142,Thành Phố Ninh Bình
672,Danna,Gerner,,,90.71.90.82,Murovanoye
673,Arturo,Bursell,abursellio@unc.edu,Male,66.71.226.44,Kuandian
674,Archibaldo,,adunnettip@reuters.com,Male,73.225.158.52,Niort
675,Akim,Kepe,,Male,35.14.164.225,Black River
676,Carola,Udale,cudaleir@bbc.co.uk,Female,236.74.44.245,Osiek
677,Chris,Gonnard,cgonnardis@moonfruit.com,Female,21.197.235.109,Umm al Qaywayn
678,Rosana,Temporal,,Female,244.217.111.30,Keleleng
679,Hewet,Goghin,hgoghiniu@lycos.com,Male,221.41.161.128,Moguqi
680,Morie,Pietruszewicz,mpietruszewicziv@va.gov,Male,176.169.76.18,Nunhala
681,Octavia,Aleso,oalesoiw@biglobe.ne.jp,,56.119.110.3,Jingzhu
682,Maris,Allsupp,mallsuppix@springer.com,Female,14.98.138.38,Puerto Asís
683,Rurik,Gommery,rgommeryiy@webeden.co.uk,Male,238.46.101.93,Žagarė
684,Abigale,Marsay,amarsayiz@networkadvertising.org,Female,201.124.58.39,Sé
685,Dalia,Bonfield,dbonfieldj0@wix.com,Female,91.117.43.8,Krajan Pangkah Kulon
686,Arel,Biffen,,Male,80.54.95.12,
687,Lizzy,Heggadon,lheggadonj2@archive.org,Female,38.7.73.244,Tolitoli
688,Dickie,Bindley,dbindleyj3@weibo.com,Male,,Chongmin
689,Blondy,Stone,bstonej4@virginia.edu,Female,120.89.8.128,Esperanza
690,Adrea,Klessmann,aklessmannj5@bandcamp.com,,,Zaječar
691,Abdel,MacGilpatrick,amacgilpatrickj6@cdbaby.com,Male,,Dukuhtengah
692,Desirae,Janusik,djanusikj7@timesonline.co.uk,Female,139.200.31.203,Otradnaya
693,Fremont,Jupe,fjupej8@imageshack.us,Male,129.64.254.212,Águas Vermelhas
694,Maximilianus,Budik,mbudikj9@hud.gov,Male,36.7.208.123,Villa Nueva
695,Udall,Lowthorpe,ulowthorpeja@bloglines.com,,97.29.23.26,Libertad
696,Tersina,Trimnell,ttrimnelljb@issuu.com,Female,9.50.7.193,Heqiao
697,Miner,Denisovo,mdenisovojc@macromedia.com,Male,159.16.169.134,Japerejo
698,Sheffield,Pettis,spettisjd@skype.com,Male,203.2.165.38,San Carlos de Bariloche
699,Jory,Brun,jbrunje@apple.com,Male,182.207.21.34,Hrazdan
700,Gerhardt,Margaritelli,gmargaritellijf@go.com,Male,96.62.212.145,La Libertad
701,Seana,Jalland,,Female,53.228.34.48,Guiglo
702,Rancell,Jeandillou,,Male,187.97.113.132,Santi Suk
703,Alwyn,Logue,alogueji@chron.com,Male,253.105.112.97,Krajan
704,Neill,Nevins,nnevinsjj@163.com,Male,143.122.144.121,Houping
705,Kermit,Durber,,Male,250.144.6.49,Chengdong
706,Cole,Bolle,cbollejl@yahoo.com,Male,246.179.251.85,Lewolang
707,Clemmie,McLafferty,,Male,105.159.123.2,Tibiri
708,Nikaniki,,,Female,165.34.153.86,Joševa
709,Lucias,Matyugin,lmatyuginjo@cmu.edu,Male,179.131.1.21,Qiqin
710,Leslie,Fortye,lfortyejp@nasa.gov,Female,177.168.134.138,Tol’yatti
711,Harriott,O'Gormally,hogormallyjq@ow.ly,Female,110.216.205.152,Borūjen
712,Alverta,,agawenjr@guardian.co.uk,Female,235.230.137.206,
713,Minni,Jowett,mjowettjs@engadget.com,Female,221.69.142.62,Šmartno pri Litiji
714,Anette,Poynor,apoynorjt@dailymotion.com,Female,248.130.51.252,
715,Neall,Minot,nminotju@house.gov,Male,196.206.8.175,Tsurib
716,Archie,Oliveto,aolivetojv@liveinternet.ru,Male,247.71.236.5,Arvika
717,Clevey,Eyree,ceyreejw@jiathis.com,Male,220.255.19.60,Zdice
718,Martainn,Heigho,mheighojx@elegantthemes.com,Male,246.195.78.186,Slavkov u Brna
719,Aili,Weatherall,aweatheralljy@ihg.com,Female,184.115.146.89,Loma Bonita
720,Agatha,Taylor,ataylorjz@mlb.com,Female,101.100.44.68,Guam Government House
721,,Bonicelli,,Female,249.133.108.249,
722,Annissa,Banasik,abanasikk1@dot.gov,Female,133.112.89.144,Magnitogorsk
723,Titos,Slainey,tslaineyk2@yahoo.com,Male,120.121.211.104,Carapicuíba
724,Barry,Kydd,bkyddk3@toplist.cz,Female,129.82.19.11,Cimişlia
725,Clemmie,Treend,ctreendk4@dagondesign.com,Female,209.186.73.211,Nowosielce
726,Rivy,Barczynski,rbarczynskik5@canalblog.com,Female,170.153.233.53,Sadov
727,Bobette,Moon,bmoonk6@wsj.com,Female,183.8.146.54,København
728,Ranee,Summersby,rsummersbyk7@ebay.com,Female,,Newark
729,,Yokelman,iyokelmank8@columbia.edu,Male,89.189.64.225,Shanghu
730,Susanetta,Krystek,skrystekk9@mtv.com,Female,90.63.217.243,Vacoas
731,Manon,Gaynes,mgayneska@pagesperso-orange.fr,Female,221.76.15.163,Kimméria
732,Tobe,Lelande,tlelandekb@friendfeed.com,Male,21.24.239.147,Ongi
733,De witt,Cutress,dcutresskc@xinhuanet.com,Male,76.59.114.134,Sieradza
734,Leroi,Luxton,lluxtonkd@opera.com,Male,19.55.25.162,Yläne
735,Jone,Konke,jkonkeke@sohu.com,Male,122.106.7.190,Xi’an
736,Massimiliano,,mblaxallkf@sciencedirect.com,Male,127.238.35.87,Quỳnh Côi
737,Alley,Elward,aelwardkg@msn.com,Male,118.148.236.60,Torre de Moncorvo
738,Bernard,Tonbridge,btonbridgekh@ted.com,Male,25.118.169.206,Xianshui
739,Scott,Arnott,sarnottki@privacy.gov.au,Male,93.223.104.128,Tor
740,Reine,Gatch,rgatchkj@merriam-webster.com,Female,191.178.87.112,Nanping
741,Tanny,Leadley,tleadleykk@cdbaby.com,Male,,Jedung
742,Taylor,Shapland,tshaplandkl@indiatimes.com,Male,227.133.104.201,Paranaíba
743,,Harewood,tharewoodkm@ftc.gov,Female,46.250.67.58,Mouzáki
744,Bill,McGinnis,bmcginniskn@ehow.com,Female,98.79.248.212,Samburat
745,Martica,Beetham,mbeethamko@theguardian.com,Female,249.51.201.195,Marcabamba
746,Shae,Lomansey,slomanseykp@liveinternet.ru,Male,213.46.37.226,Cergy-Pontoise
747,Hetty,,hcaddiekq@washingtonpost.com,Female,71.210.228.184,Pasirbatang
748,Parsifal,Guyer,,Male,70.172.24.60,Steinkjer
749,North,Jest,,Male,176.0.56.146,Goiatuba
750,Alvera,Grigaut,agrigautkt@skyrock.com,Female,74.248.201.77,
751,Gav,Kurdani,,Male,,Huaguoshan
752,Tania,Hovell,thovellkv@jigsy.com,Female,207.120.121.19,Irbid
753,Aurel,Sweetzer,asweetzerkw@github.com,Female,147.223.36.49,Tomdibuloq
754,Eldin,Pescott,epescottkx@cbslocal.com,Male,50.73.25.98,Saint-Jean-de-Braye
755,Thia,De Vere,tdevereky@multiply.com,Female,103.142.34.160,
756,Sky,Treadaway,streadawaykz@geocities.com,,,Haifa
757,Fernandina,Zuanelli,fzuanellil0@walmart.com,Female,155.122.85.25,Baidoa
758,Angelia,Risebrow,,Female,84.165.196.147,Vnanje Gorice
759,Cloe,Britton,cbrittonl2@a8.net,Female,152.221.72.8,Zhaolingpu
760,Gustaf,Benech,gbenechl3@cafepress.com,Male,130.16.127.53,Bweyogerere
761,Maegan,Cannon,mcannonl4@sciencedirect.com,,9.171.154.82,Patos de Minas
762,Heida,Obal,hoball5@printfriendly.com,Female,225.165.9.0,Zhusha
763,Morganica,Winscomb,mwinscombl6@vk.com,Female,115.148.16.88,Jeminay
764,Charissa,Dyerson,cdyersonl7@twitpic.com,Female,201.56.240.240,Cagmanaba
765,Nicoli,Ingold,ningoldl8@statcounter.com,Female,125.248.69.139,Gjirokastër
766,Dorette,,dpaddlel9@blog.com,Female,156.148.238.51,Pô
767,Beryl,Artus,bartusla@ning.com,Female,,Gombong
768,Bastien,Sleath,,Male,223.2.163.131,Laowobao
769,Claudio,Morris,cmorrislc@woothemes.com,Male,232.92.252.28,Richmond
770,,Leggen,aleggenld@constantcontact.com,Female,95.47.225.143,Krajan Suko Kidul
771,Sigmund,Middell,smiddellle@ucla.edu,Male,175.6.19.90,Pattani
772,Otes,Jacob,,Male,121.132.227.165,
773,Meggy,Leijs,mleijslg@berkeley.edu,Female,103.235.219.229,Jinlong
774,Charlot,Delea,cdelealh@epa.gov,Female,254.57.186.87,Caitang
775,Winfred,Warsap,wwarsapli@sakura.ne.jp,Male,,
776,Charmain,Tyght,ctyghtlj@pbs.org,,155.204.141.208,Xiyuan
777,Locke,Alldred,lalldredlk@nyu.edu,Male,77.176.168.112,Somovo
778,Dane,,,Male,161.155.172.189,Baiyashi
779,,Clarey,aclareylm@networksolutions.com,Male,,
780,Jo,Phelit,jphelitln@goo.gl,Female,,São Filipe
781,Chevalier,Dymond,,Male,107.253.154.92,Héroumbili
782,Phedra,,,Female,154.33.169.123,Hengduo
783,Rahel,Scroggins,rscrogginslq@privacy.gov.au,Female,154.92.10.207,Garland
784,Atlante,Robbert,arobbertlr@clickbank.net,Female,130.146.211.68,Säffle
785,Allegra,Warnock,awarnockls@blinklist.com,Female,40.228.148.220,Gävle
786,Gerrilee,Fancet,gfancetlt@home.pl,,251.207.233.71,Izingolweni
787,Gustavo,Ruggieri,,Male,7.3.251.217,Mompós
788,Roobbie,Allnatt,rallnattlv@altervista.org,Female,60.166.95.82,Orguz
789,Ogden,Parmby,oparmbylw@prlog.org,Male,206.180.60.90,
790,Ken,Duncombe,kduncombelx@myspace.com,Male,7.162.84.173,Tacoma
791,Patrice,Aizik,paizikly@networksolutions.com,Male,165.226.5.34,
792,,Girodier,rgirodierlz@hhs.gov,,186.22.188.36,Scranton
793,Vlad,Ruprich,,,177.203.62.159,Bode Sadu
794,Elizabet,Fogel,efogelm1@nytimes.com,Female,173.171.225.106,Arnprior
795,Cosme,Mooring,cmooringm2@addtoany.com,Male,27.250.61.128,Zapatero
796,Mariya,Bachura,,Female,,Sumbergayam
797,Evonne,,eeilhersenm4@cam.ac.uk,Female,183.142.227.235,Picoto
798,Gilburt,Barnsdale,gbarnsdalem5@4shared.com,Male,209.116.240.187,Kuala Lumpur
799,Gusella,,gwetherbym6@redcross.org,Female,18.29.143.148,Kacha
800,Victoir,Bern,,Male,109.190.202.66,
801,Gibby,Maidens,gmaidensm8@bing.com,Male,173.0.135.128,Tengah
802,Barb,Costanza,,Female,49.62.72.12,Kodra
803,Tyler,Fairholme,tfairholmema@devhub.com,Male,246.85.241.11,
804,Brendin,Durbin,bdurbinmb@wsj.com,Male,142.58.79.182,Suruhan
805,Sydelle,,sfynanmc@shop-pro.jp,Female,205.141.192.196,Yaogou
806,Beau,Shotboult,bshotboultmd@mail.ru,Male,67.61.113.176,Yanagawa
807,Jenda,Antcliffe,jantcliffeme@adobe.com,Female,232.171.132.86,Stockholm
808,Mattheus,Caesman,mcaesmanmf@arizona.edu,,,Pitomača
809,Loria,Prangnell,lprangnellmg@yahoo.com,Female,114.174.68.123,Mloko
810,Issiah,Neeve,,Male,38.77.127.198,Bayamo
811,Tremaine,Grace,tgracemi@businessweek.com,Male,103.30.55.39,Ol’ginskaya
812,Ursuline,Vondrak,uvondrakmj@linkedin.com,Female,,Jiaojie
813,Mavra,Lampet,mlampetmk@uiuc.edu,Female,185.158.48.133,Khamis Mushait
814,Sosanna,Hache,shacheml@ehow.com,Female,157.37.221.13,Hội An
815,Hymie,Lummasana,hlummasanamm@house.gov,Male,0.188.105.15,
816,Zabrina,Rack,zrackmn@123-reg.co.uk,,67.40.155.177,Höshigiyn-Ar
817,Avery,Sellen,asellenmo@salon.com,Male,32.184.146.154,Volnovakha
818,Karlyn,Hutchins,khutchinsmp@nsw.gov.au,Female,236.248.68.51,Józefów
819,Gill,Wishart,,Male,57.42.146.18,Linjiang
820,Gladi,Binder,gbindermr@usda.gov,Female,17.225.81.91,La Dorada
821,Bastian,Gill,bgillms@sciencedaily.com,,115.19.159.174,Heishan
822,Lula,Blackaller,lblackallermt@flavors.me,Female,213.92.5.2,Ambatolaona
823,Steven,Levings,,,117.33.161.68,Ngetkib
824,Sandor,,smckinlaymv@hud.gov,,92.224.4.169,Sergiyev Posad
825,Callean,Stoffler,cstofflermw@sohu.com,Male,128.185.198.218,Tarakan
826,Carey,Essam,,Male,131.241.80.110,Spas
827,Loren,Caltera,lcalteramy@indiatimes.com,Male,112.31.154.145,Megalochórion
828,Andee,Potzold,apotzoldmz@jalbum.net,Female,11.166.230.205,
829,Lesya,Ainslie,lainslien0@dailymail.co.uk,Female,74.149.194.119,Adolfo Lopez Mateos
830,Reba,Valentine,rvalentinen1@mail.ru,Female,61.244.151.146,Jabal os Saraj
831,Yorgo,Thrasher,ythrashern2@netlog.com,Male,,Bech
832,Annecorinne,Robertis,arobertisn3@furl.net,Female,201.249.98.248,Gornyy
833,Mersey,Perrington,,Female,128.54.197.227,Jablunkov
834,Terrijo,Pashe,tpashen5@naver.com,Female,145.59.11.87,Karlstad
835,Terrance,Gratland,tgratlandn6@dedecms.com,Male,203.86.103.76,Gonzalo
836,Sigismundo,Ilchuk,silchukn7@intel.com,Male,,Mpigi
837,Dario,Morillas,dmorillasn8@google.com.hk,,167.169.249.40,Solnechnyy
838,Livvie,Collinge,lcollingen9@wired.com,Female,130.59.249.172,Gunungangka
839,Forster,Atkinson,fatkinsonna@cocolog-nifty.com,Male,185.235.195.163,Minamata
840,Genevieve,Chrichton,gchrichtonnb@cyberchimps.com,Female,101.197.248.84,Huansheng
841,Robenia,Boise,rboisenc@odnoklassniki.ru,Female,61.46.253.192,Tân Kỳ
842,Kevin,Tolussi,,Male,,Babakan
843,Darryl,,,,15.157.53.114,Taiping
844,Emory,Magnus,,Male,109.40.199.236,Huayllati
845,Devi,O'Rodane,dorodaneng@symantec.com,,169.104.62.30,Luo’ao
846,Darlene,Ginley,,Female,91.54.67.174,La Rioja
847,Leonidas,Boughen,lboughenni@tmall.com,Male,158.117.193.37,Essang
848,Terri,Vennard,,Male,236.132.249.45,
849,Nicki,Gally,ngallynk@sciencedaily.com,Female,196.219.29.149,
850,Demeter,Gouth,dgouthnl@seattletimes.com,Female,122.90.254.190,Meilin
851,Ive,Jiruch,ijiruchnm@wordpress.org,Male,131.125.151.177,Temayang
852,Viviyan,Duell,,Female,136.138.251.200,Tambong
853,Horatius,Bance,hbanceno@cargocollective.com,Male,166.84.232.14,Sonta
854,Darice,Zapatero,,Female,185.53.112.227,Weihe
855,Lira,Meachan,lmeachannq@w3.org,Female,249.36.77.30,Cermee
856,Hakim,Jonk,hjonknr@springer.com,Male,200.179.90.137,Cagdianao
857,Erda,MacRierie,emacrieriens@dmoz.org,Female,52.31.57.170,
858,Filmer,Peacop,fpeacopnt@tuttocitta.it,Male,190.191.1.74,Filótion
859,Laetitia,Spoerl,lspoerlnu@feedburner.com,Female,141.169.32.171,København
860,Bel,Clilverd,bclilverdnv@google.fr,Female,196.177.27.14,San Isidro
861,Evin,Tizzard,etizzardnw@mozilla.com,Male,197.130.191.163,
862,Arnoldo,Spinola,aspinolanx@mysql.com,Male,,Currais
863,Terry,Ford,tfordny@ibm.com,,40.216.91.157,Qiting
864,Ricky,Mathias,rmathiasnz@hc360.com,,229.128.2.52,Jinshanwei
865,Yelena,Dahlgren,,Female,98.60.39.253,La Mesa
866,Jules,Hansemann,,Male,245.50.199.199,Szydłowo
867,Alva,Lambert-Ciorwyn,alambertciorwyno2@cdc.gov,Male,231.84.150.194,Zhongdong
868,Bern,Keene,bkeeneo3@ibm.com,Male,2.148.80.107,Yangi-Nishon Shahri
869,Dew,Farrall,dfarrallo4@studiopress.com,Male,216.206.185.84,Kristinehamn
870,L;urette,Revans,lrevanso5@sbwire.com,Female,170.59.150.40,Pojok
871,Silvanus,Humber,shumbero6@dailymail.co.uk,Male,,Mondoteko
872,Murry,Stroton,mstrotono7@accuweather.com,,168.42.38.2,Jasugih Selatan
873,Josephina,Willingham,,Female,55.172.210.241,Františkovy Lázně
874,Innis,Buttriss,ibuttrisso9@amazon.com,Male,,Datong
875,Pren,Gawthorpe,pgawthorpeoa@xinhuanet.com,Male,73.53.2.137,Xiayang
876,,Ambroix,gambroixob@redcross.org,Male,152.164.195.99,Khanāşir
877,Manfred,Bettenson,mbettensonoc@ebay.com,Male,155.172.123.121,Asheville
878,Darelle,De Meis,ddemeisod@irs.gov,Female,117.118.61.170,Veyno
879,Rebecca,Cregin,rcreginoe@naver.com,Female,204.227.13.36,Gandrungmangu
880,Ted,Fretwell,,Male,80.198.188.162,Ke’erlun
881,Kare,Alvis,,Female,186.96.71.162,Kipit
882,Darrel,Treffry,dtreffryoh@ifeng.com,Male,130.174.185.130,Jiaoyang
883,Olag,Markl,omarkloi@berkeley.edu,Male,45.77.227.105,Stará Ves nad Ondřejnicí
884,Theodoric,Houtbie,thoutbieoj@squidoo.com,Male,18.11.204.203,Abakan
885,Benton,Lomasney,blomasneyok@360.cn,Male,149.222.29.27,
886,Holly,Croydon,hcroydonol@altervista.org,Female,37.230.161.236,Lao Suea Kok
887,Bria,Humblestone,bhumblestoneom@europa.eu,Female,82.101.234.229,
888,Nissy,Crowcher,ncrowcheron@edublogs.org,Female,7.160.43.99,Parista
889,Sayer,Barrowclough,sbarrowcloughoo@reddit.com,Male,23.245.200.199,Bulu
890,Alberta,Bicker,abickerop@purevolume.com,Female,105.43.63.165,Lugang
891,Margaux,Wilkenson,,Female,32.29.218.165,Dawuhanmangli
892,Calla,McCandless,,Female,230.164.158.228,Krajan Rowokangkung
893,Aluino,Antonoczyk,aantonoczykos@dion.ne.jp,Male,140.41.146.176,Khorol
894,Cecily,Balston,cbalstonot@jalbum.net,Female,172.13.166.111,Quatro Barras
895,Sallee,Musla,,,163.9.36.166,Sebba
896,Heindrick,Mowbray,hmowbrayov@tamu.edu,Male,93.119.9.202,Peoria
897,Zena,Keyme,zkeymeow@1und1.de,Female,15.92.123.12,Nabunturan
898,,Shrimptone,sshrimptoneox@reference.com,Male,179.189.243.94,Aemura
899,Maximo,Gilkes,mgilkesoy@bloglines.com,Male,229.138.57.15,Pácora
900,Roldan,Harrad,rharradoz@163.com,Male,90.110.12.162,
901,Sybilla,Yewdale,syewdalep0@google.com,Female,90.177.23.219,
902,,Wyeth,awyethp1@unesco.org,Female,172.139.60.252,Mattaldi
903,Inglebert,Tenniswood,itenniswoodp2@fema.gov,Male,96.40.146.170,Młynary
904,Erek,Tinghill,etinghillp3@techcrunch.com,Male,91.173.172.110,Leitões
905,Cristobal,Gueny,cguenyp4@hhs.gov,Male,62.229.28.71,Krajan Selatan
906,Catrina,Wilstead,cwilsteadp5@icio.us,,226.42.58.28,São Martinho do Campo
907,Hiram,Duckit,hduckitp6@bravesites.com,Male,,Zherdevka
908,Lois,Dunthorn,ldunthornp7@techcrunch.com,Female,245.86.26.154,
909,Robena,Sarjeant,rsarjeantp8@oracle.com,Female,246.137.47.132,El Porvenir
910,Dennis,Leggott,dleggottp9@soup.io,Male,115.80.44.30,Admiralteisky
911,Myranda,McGreil,,Female,62.79.213.53,Stockholm
912,Saudra,Lipson,slipsonpb@webs.com,,38.241.114.25,Susunan
913,Maria,Dunphy,mdunphypc@deviantart.com,Female,182.175.51.134,Nemours
914,Emalia,Viccars,eviccarspd@weather.com,,129.41.239.236,Yamagata-shi
915,Noelani,Lindenbaum,nlindenbaumpe@nationalgeographic.com,Female,,Santa Lucía
916,Bealle,Broggelli,,Male,,
917,Curr,Laytham,,Male,108.122.3.33,Manlio Fabio Altamirano
918,Zelma,,zruskinph@hao123.com,Female,95.27.117.239,Accha
919,Jarred,Grimolbie,,Male,252.14.207.63,Mezhevoy
920,Giulietta,Heningham,gheninghampj@fema.gov,,,Jian’ou
921,Thatcher,Kennet,,,,
922,Gaynor,Denisyev,,Female,149.58.191.66,Sitabamba
923,Billy,Siggs,bsiggspm@huffingtonpost.com,Female,91.10.111.145,Xianglong
924,Bryon,Agney,bagneypn@sun.com,,,Nelson
925,Nealon,Eyeington,neyeingtonpo@ox.ac.uk,Male,0.230.56.230,Zhuangxing
926,Garik,,ghedgepp@webeden.co.uk,Male,73.147.168.35,Belajen
927,Tadeas,,twarenpq@soundcloud.com,Male,109.198.81.93,Siak Sri Indrapura
928,Dimitry,Dragge,ddraggepr@samsung.com,Male,85.244.179.136,Haoguantun
929,Lorelei,Bather,lbatherps@oracle.com,,69.176.165.174,Donskoye
930,Emmery,Ballingal,eballingalpt@netvibes.com,Male,237.78.62.179,
931,Karole,Spiaggia,kspiaggiapu@gravatar.com,Female,,Stavyshche
932,Jimmie,Gasquoine,jgasquoinepv@toplist.cz,Male,,Huddinge
933,Giacomo,Kubicek,gkubicekpw@cornell.edu,Male,146.186.111.205,
934,Hewie,Dessent,hdessentpx@latimes.com,Male,124.114.83.244,Pasirhuni
935,Frederik,Gilberthorpe,fgilberthorpepy@arizona.edu,Male,1.226.70.63,Banjar Dauhmargi
936,Kincaid,Cauderlie,,Male,163.133.202.218,Santa Rosa
937,Llewellyn,Blakeway,lblakewayq0@discovery.com,Male,136.76.246.65,Zhangcaizhuang
938,Pepito,Nuttall,,Male,227.68.30.62,
939,,Kilius,,Male,120.198.60.44,Kushnarënkovo
940,Montague,Charopen,mcharopenq3@icio.us,Male,214.37.15.49,Jiefangyan
941,Ricardo,Headrick,rheadrickq4@cnn.com,Male,242.68.88.193,Nugas
942,Madison,Coo,mcooq5@about.me,Male,15.220.179.30,Baun
943,Lindsey,Booij,lbooijq6@nasa.gov,Female,53.141.168.86,Djounie
944,Briano,Bothen,,Male,143.116.77.222,Cholpon-Ata
945,,Asmus,gasmusq8@opensource.org,Female,47.164.46.5,
946,Nickola,Lathwood,nlathwoodq9@si.edu,Male,131.219.13.172,Cimara
947,Khalil,Schwieso,kschwiesoqa@nature.com,Male,34.87.154.70,Ryūgasaki
948,Korie,Grzeszczyk,kgrzeszczykqb@google.pl,Female,171.223.58.64,Pengdian
949,Rickard,Glader,,Male,50.139.177.131,Jianyi
950,Mikaela,Vondrys,,Female,191.130.172.114,Sanzao
951,Cara,Dellow,,Female,178.92.20.253,Vale
952,Reube,Rushworth,rrushworthqf@loc.gov,Male,123.147.8.173,Santa Teresa First
953,Rochell,Harford,rharfordqg@usnews.com,Female,105.129.65.248,Pitogo
954,Gill,Gossling,ggosslingqh@merriam-webster.com,Female,153.207.93.7,
955,Kingsley,Sanday,ksandayqi@facebook.com,Male,71.131.128.189,Kota Bharu
956,Briana,Casaroli,bcasaroliqj@mayoclinic.com,Female,185.173.88.176,Ubud
957,Billy,Halt,,Male,187.215.36.222,
958,Kandy,Guilleton,kguilletonql@zdnet.com,Female,201.80.234.156,Tacheng
959,Forbes,Cargon,fcargonqm@google.fr,Male,25.225.191.5,Marignane
960,Morna,Kubecka,,Female,139.204.54.159,Huangbei
961,Massimiliano,Stolting,mstoltingqo@nydailynews.com,Male,92.109.28.58,Ankazobe
962,Clare,,cinsworthqp@tripadvisor.com,Female,108.63.86.68,Chengcun
963,Durand,Bigrigg,,Male,10.116.74.112,Oyo
964,Russ,Greatorex,rgreatorexqr@imdb.com,Male,124.121.20.63,Boyeros
965,Jonah,Stovold,,Male,50.173.176.147,
966,Marice,Manie,mmanieqt@wsj.com,Female,103.17.110.138,Jingkou
967,Lorri,Lyfield,llyfieldqu@exblog.jp,Female,50.95.55.77,Kultuk
968,Urbanus,Kildea,ukildeaqv@nps.gov,Male,38.122.211.123,Guanyang
969,Morten,Camblin,mcamblinqw@ebay.com,,39.122.176.92,Oktyabr’skiy
970,Waneta,Burnall,wburnallqx@army.mil,Female,106.234.99.37,Vännäs
971,Cathie,Bugs,cbugsqy@quantcast.com,Female,194.63.175.62,Dziergowice
972,Reyna,McRobert,rmcrobertqz@webmd.com,Female,,Wu’an
973,Matthaeus,Goodbairn,mgoodbairnr0@reverbnation.com,Male,5.174.123.34,Kitakyūshū
974,Axel,MacDermot,amacdermotr1@mit.edu,Male,110.46.166.230,
975,Merv,Bohje,mbohjer2@mac.com,,113.35.189.187,
976,Gayla,Claypool,gclaypoolr3@hibu.com,Female,74.78.222.1,
977,Skipton,Busfield,,Male,154.27.86.194,Tyrnyauz
978,Pablo,Kisar,pkisarr5@npr.org,Male,243.180.17.86,
979,Brittaney,Crommett,bcrommettr6@skyrock.com,Female,184.246.12.135,
980,Harlen,Strathdee,hstrathdeer7@homestead.com,Male,136.231.116.117,Malhou
981,Trey,Bullivent,tbulliventr8@feedburner.com,Male,21.212.65.150,Pantang
982,Mirabella,Fitzsimon,mfitzsimonr9@google.co.jp,Female,96.51.235.215,Steinkjer
983,Conroy,Fickling,,Male,28.58.24.189,Al Bāriqīyah
984,Obediah,Budcock,obudcockrb@psu.edu,Male,,Shōbara
985,,Dupree,vdupreerc@wikimedia.org,Male,249.38.150.234,Małkinia Górna
986,Francesca,,froskeillyrd@biglobe.ne.jp,Female,44.44.175.202,Szczytno
987,Tracey,Erat,teratre@addthis.com,Male,103.37.53.91,Tall Rif‘at
988,Codi,Pietrzak,cpietrzakrf@alibaba.com,Female,70.19.213.166,Ratenggoji
989,Jobina,Tolotti,jtolottirg@myspace.com,,176.205.191.182,Borino
990,Donna,Douglass,ddouglassrh@alexa.com,Female,186.84.120.59,Jiangxigou
991,Riane,De Courtney,rdecourtneyri@dyndns.org,Female,202.12.93.134,Futu
992,Estell,Kinnock,ekinnockrj@whitehouse.gov,Female,205.221.18.35,Batojaran
993,Dilan,Jacobovitz,djacobovitzrk@cbsnews.com,,161.18.117.216,Wuyo
994,Tobie,Pridding,,Male,,Göteborg
995,Giacobo,Kimbury,gkimburyrm@blinklist.com,Male,253.157.129.0,Soledad
996,Bailey,Guyan,,Male,78.81.93.58,Svislach
997,Grange,Impey,,Male,157.17.237.46,Xipu
998,Galvin,Polamontayne,gpolamontaynerp@webs.com,,12.3.249.81,Manolo Fortich
999,Merell,Chowne,mchownerq@patch.com,Male,185.48.233.206,Akouda
1000,Shelton,Petrozzi,spetrozzirr@hubpages.com,Male,252.125.198.4,Shiroi
